event,country,iso2,iso,code,region,income,alternate,date_mainshock,year,shakemap_id,magnitude,ahhs,fatalities,damaged,destroyed,protracted,sheltered_peak,assisted,considerations,narrative,GRID_SHDI,GRID_SMOD,GRID_POP,GRID_IMR,GRID_GRDI,GRID_GDPC,GRID_SLOPE,TENURE_SECURITY,HDI,GINI,PALMA,GOVERNANCE,SOCIOECONOMIC,UPROOTED,DEPENDENCY,GDI,EQ_COUNT,EQ_FATALITIES,POP_GROWTH,INCOME,EDUCATION,HEALTH,POP15,POP65,AGE_DEPENDENCY,EPR,PC_INTERNATIONAL,PC_NATIONAL
2018 Highlands,Papua New Guinea,PG,PNG,598,East Asia and Pacific,Lower middle income,"Papua New Guinea, Southern Highlands",2/25/18,2018,us2000d7q6,7.5,4.96,145,269129.6,58189.56,4055,8161,32272,"conflict, landslides, remote, sequence","An estimated 58,292 people were displaced, 14% of which sought refuge in care centers while the vast majority stayed in makeshift tents or with host families [(IOM 2019)](https://reliefweb.int/report/papua-new-guinea/iom-papua-new-guinea-shelter-post-assistance-monitoring-southern-highlands). By the end of April 2018, 55,205 people continued to be displaced with 1,250 households in care centers. Shelter kits had been provided to 4,055 people and shelter-related NFI support to 28,217 people. The former are used for the medium-term needs estimate. Direct damage reports are not readily available; estimates are inferred based on IOM and PNG Disaster Management Team situation reports.",0.900441055,0.493449748,2008370.5,0.582008667,0.753294449,3683.736328,0.051464055,0.8431417,0.556,0.537,0.051166293,6.8,6.4,5.6,1.4,0.901846154,0,0,0.025792253,0.559,0.451,0.694,0.353123555,0.029910756,0.620835729,0.034,0.073677843,0.10850751
2022 Northwestern Luzon,Philippines,PH,PHL,608,East Asia and Pacific,Lower middle income,"Abra, Luzon",10/25/22,2022,us6000iwds,6.4,4.32,0,66679.2,358.56,,79,67038,,"The Philippines regularly records housing damage and population displacement data after natural hazard events, including this earthquake [(DROMIC 2022)](https://dromic.dswd.gov.ph/mw-6-4-earthquake-incident-in-lagayan-abra-25-october-2022/). On October 31, the peak displaced population was reported as 79 people in evacuation centres and 4,578 people with relatives and friends. The terminal report on December 2 reported 42 people in evacuation centres and 286 people with relatives and friends. The same report indicated 83  totally damaged homes and 15,435 partially damaged homes in Regions I, II, and CAR",0.432483864,0.728418946,783571.75,0.249024677,0.550233574,3310.469482,0.001551024,0.41,0.71,0.385718972,0.04495303,5.7,3.7,3.8,1.3,0.996384615,13,452,0.011653264,0.694,0.689,0.761,0.2933101,0.050413152,0.523747407,0.126,0.00107051,0.036056051
2024 Vanuatu,Vanuatu,VU,VUT,548,East Asia and Pacific,Lower middle income,"Shefa, Porta Vila, Efate",12/17/24,2024,us7000nzf3,7.3,3.73,14,2424.5,288.13,2000,2435,2000,"landslides, remote","The evacuated and sheltered estimates are derived from internal IDMC data, which cites national authorities and state authorities as the underlying source. The sheltered estimates indicate the population in evacuation centres, while the evacuated estimates additionally include the populations with host households. The assisted estimate is from the Porte Vila, Efate Earthquake Recovery and Resilience Plan, which stated that temporary shelters, including prefabricated units and tents, would be supplied to 2,000 households as an immediate recovery priority [(Government of Vanuatu 2024)](https://reliefweb.int/report/vanuatu/port-vila-efate-earthquake-recovery-and-resilience-plan-2024). In Inter-Cluster Situation Report #10 on January 9, it is reported that 81 houses were fully destroyed, 165 severely damaged, and 584 moderately/minorly damaged based on 1,461 housing damage assessments [(Government of Vanuatu 2025)](https://reliefweb.int/report/vanuatu/vanuatu-earthquake-neoc-situation-report-10-09-january-2025). In the same report, 781 were indicated as still displaced in either evacuation centres or with host households.",,0.512124002,105250.6406,0.135,,3946.838135,0.007931705,0.73,0.614,0.34834437,0.04732941,5.6,5.1,0,7.1,0.937307692,0,0,0.023512311,0.535,0.568,0.789,0.383139477,0.042957494,0.742451306,,0.037122917,0.165938454
2010-11 Canterbury,New Zealand,NZ,NZL,554,East Asia and Pacific,High income,"2010 Darfield, 2011 Christchurch",2/22/11,2011,usp000huvq,6.1,2.7,185,420927.3,32228.5,6260,2000,51185,"liquefaction, sequence","The compiled data includes both the 2010 Darfield and 2011 Christchurch earthquake events: damage estimates are aggregated, whereas the displaced data is more representative of the 2011 Christchurch event. On February 23, an estimated 2,000 people were sheltered in evacuation centres [(IFRC 2011)](https://reliefweb.int/report/new-zealand/new-zealand-christchurch-earthquake-information-bulletin-n%C2%B0-1). Christchurch residents who relocated were asked to register with the Red Cross or contact their local Civil Defence Emergency Management office to ensure they were not included as a missing person [(Government of New Zealand 2011)](https://reliefweb.int/report/new-zealand/new-zealand-quake-update-101). As of June 30, an estimated 45,000 evacuees were registered nationwide [(New Zealand Red Cross 2011a)](https://reliefweb.int/report/new-zealand/christchurch-earthquake%E2%80%94february-2011-public-report-first-100-days). Various other reports indicated evacuee counts as high as 70,000, but these figures have been disputed as likely overestimated [(Love 2011)](https://srgexpert.com/wp-content/uploads/2018/02/Population-movement-after-natural-disasters-a-literature-review-and-assessment-of-Christchurch-data.pdf). Household survey results have shown that damage to the building was the top driver of evacuation decisions after New Zealand earthquakes, with nearly 61% of households moving to a friend or family’s house, 4% to a bach or second house, 4% to paid accommodation (e.g., hotel, rental), and 30% seeking other arrangements [(Scheele et al 2019)](https://doi.org/10.21420/TAT3-0313). By December 31, 51,815 were assisted with an Emergency and Hardship Grant, available to those who were without services or forced to leave their home for more than seven days [(New Zealand Red Cross 2011b)](https://reliefweb.int/report/new-zealand/canterbury-earthquakes-response-and-recovery-update-december-2011). Temporary housing assistance was provided through the Canterbury Earthquake Temporary Accommodation Service (CETAS), with 6,260 earthquake-affected residents assisted per a May 2016 press release [(Smith 2016)](https://www.beehive.govt.nz/release/former-canterbury-earthquake-temporary-housing-help-after-franz-josef-flooding). Some temporary housing services such as campervans and portable dwellings were not as utilized as anticipated, with people often adapting to living in their damaged homes with reduced services and/or temporarily staying with family and friends [(Giovinazzi et al 2012)](https://db.nzsee.org.nz/2012/Paper125.pdf). Housing damage estimates were provided courtesy the Natural Hazards Commission, formerly the Earthquake Commission (EQC), which insured roughly 90% of all properties in Canterbury: 158,899 dwellings damaged (but not requiring rebuild) and 12,005 dwellings to be rebuilt (assumed as “destroyed”). Moreover, 11,725 dwellings were flagged by claimants as not habitable, of which 4,499 were categorized as rebuilds. A rebuild designation is not purely based on structural damage and/or habitability, and could have been designated due to uneconomic repairs and/or due to being in a designated red zone (e.g., due to liquefaction). These damage estimates are approximate and required several assumptions, but are treated as the most reliable and updated source.",0.010643553,0.791119456,512775.4688,0.014187421,0.194636574,47706.28125,0.001641586,0.934,0.939,0.32,0.023062251,1.8,0.3,3.1,0.1,0.968769231,0,0,0.010276393,0.899,0.946,0.936,0.20760077,0.132934135,0.516380472,0.092,0.003937804,0.172780478
2023 Masbate,Philippines,PH,PHL,608,East Asia and Pacific,Lower middle income,Batuan,2/16/23,2023,us6000jp76,6.1,4.45,0,373.8,13.35,0.4,0.4,187,,"The Philippines regularly records housing damage and population displacement data after natural hazard events, including this earthquake [(DROMIC 2023)](https://dromic.dswd.gov.ph/mw-6-0-earthquake-incident-in-batuan-masbate-16-feb-2023/). Across the reviewed situation reports, all 18 displaced people stayed with host families rather than in evacuation centres. By April 20, these displaced people were no longer reported as staying with relatives or friends temporary. Additionally, the final situation report indicates 3 houses destroyed and 84 houses partially damaged.",0.548109856,0.527530313,524143.5,0.250395832,0.668511658,2300.12915,0,0.41,0.71,0.385718972,0.04495303,5.7,3.7,3.8,1.3,0.996384615,12,348,0.010586748,0.694,0.689,0.761,0.286075481,0.052621716,0.512166582,0.126,0.00107051,0.036056051
2022 Burauen,Philippines,PH,PHL,608,East Asia and Pacific,Lower middle income,Leyte,3/21/22,2022,us6000h67d,5.3,4.39,0,316.08,0.4,,0.4,316,,"The Philippines regularly records housing damage and population displacement data after natural hazard events, including this earthquake [(DROMIC 2022)](https://dromic.dswd.gov.ph/mw-5-3-earthquake-incident-in-burauen-leyte-21-mar-2022/). Across the reviewed situation reports, only 1 household of 1 person was displaced and temporarily stayed with relatives or friends. An estimated 72 homes were damaged, but none destroyed.",0.489560204,0.682442486,302905.1875,0.223420868,0.640316696,5442.966797,0.000217994,0.41,0.71,0.385718972,0.04495303,5.7,3.7,3.8,1.3,0.996384615,13,452,0.011653264,0.694,0.689,0.761,0.2933101,0.050413152,0.523747407,0.126,0.00107051,0.036056051
2019 Luzon,Philippines,PH,PHL,608,East Asia and Pacific,Lower middle income,"Castillejos, Zambales",4/22/19,2019,us70003a63,6.1,5.2,18,11596,5208,,4800,16822,,"The Philippines regularly records housing damage and population displacement data after natural hazard events, including this earthquake [(DROMIC 2019)](https://dromic.dswd.gov.ph/earthquake-incident-in-castillejos-zambales-22-apr-2019/).",0.423138771,0.910055697,7034817.5,0.273926525,0.359902916,6018.661621,9.22E-05,0.41,0.714,0.385718972,0.04495303,5.7,3.7,3.8,1.3,0.996384615,6,363,0.014076543,0.702,0.661,0.764,0.312733956,0.045194267,0.557458265,0.126,0.00107051,0.036056051
2020 Masbate,Philippines,PH,PHL,608,East Asia and Pacific,Lower middle income,Cataingan,8/18/20,2020,us6000bgbr,6.6,5,2,5835,688,0.4,1327,6525,,"The Philippines regularly records housing damage and population displacement data after natural hazard events, including this earthquake [(DROMIC 2020)](https://dromic.dswd.gov.ph/mw-6-6-earthquake-incident-in-cataingan-masbate-18-aug-2020/). Across the situation reports, the peak sheltered population was 1,327, which reduced to zero by September 9. Additionally, 42 people stayed outside evacuation centres with host families. As of September 9, there were 138 totally damaged homes and 1,167 partially damaged homes.",0.551715355,0.491781205,523541.9375,0.242766819,0.694698029,2343.786133,0.001743567,0.41,0.705,0.385718972,0.04495303,5.7,3.7,3.8,1.3,0.996384615,12,451,0.013210901,0.681,0.651,0.771,0.306822972,0.047256743,0.548178658,0.126,0.00107051,0.036056051
2023 Compostela,Philippines,PH,PHL,608,East Asia and Pacific,Lower middle income,Davao De Oro,2/1/23,2023,us6000jkpr,6,3.81,0,2053.59,15.24,,0.4,80,,"The Philippines regularly records housing damage and population displacement data after natural hazard events, including this earthquake [(DROMIC 2023)](https://dromic.dswd.gov.ph/mw-6-0-earthquake-incident-in-compostela-davao-de-oro-01-feb-2023/). According to the final situation report on February 28, a cumulative of 17 people temporarily stayed with their relatives and friends but by then were no longer displaced. There were 4 totally damaged homes and 539 partially damaged homes.",0.486616936,0.579676092,804757.4375,0.324029007,0.621636925,4680.928711,0.003034789,0.41,0.71,0.385718972,0.04495303,5.7,3.7,3.8,1.3,0.996384615,12,348,0.010586748,0.694,0.689,0.761,0.286075481,0.052621716,0.512166582,0.126,0.00107051,0.036056051
2019 Batanes,Philippines,PH,PHL,608,East Asia and Pacific,Lower middle income,Itbayat,7/27/19,2019,us60004w8x,6,2.9,9,78.3,518.8,,2365,606,weather or floods,"The Philippines regularly records housing damage and population displacement data after natural hazard events, including this earthquake [(DROMIC 2019)](https://dromic.dswd.gov.ph/earthquake-incident-in-itbayat-batanes-27-july-2019/). As of July 31, 2,365 people were staying at a collective shelter, but the number staying with family and friends was not reported. As of August 7, there were 27 partially damaged and 182 totally damaged homes.",0.479747276,0,3198.444336,0.236909866,0.662700043,,0,0.41,0.714,0.385718972,0.04495303,5.7,3.7,3.8,1.3,0.996384615,6,363,0.014076543,0.702,0.661,0.764,0.312733956,0.045194267,0.557458265,0.126,0.00107051,0.036056051
2019 Kadingilan   ,Philippines,PH,PHL,608,East Asia and Pacific,Lower middle income,Bukidnon,11/18/19,2019,us700069f4,5.9,4.5,0,1872,2065.5,,792,3938,,"The Philippines regularly records housing damage and population displacement data after natural hazard events, including this earthquake [(DROMIC)](https://dromic.dswd.gov.ph/mw-5-9-earthquake-incident-in-kadingilan-bukidnon-18-november-2019/). As of November 24, 792 people were taking temporary shelter in two evacuation centres. The same report indicated 459 homes were totally damaged and 416 partially damaged ",0.510366402,0.466192514,974179.3125,0.346084137,0.651220856,6032.561523,0.000510391,0.41,0.714,0.385718972,0.04495303,5.7,3.7,3.8,1.3,0.996384615,6,363,0.014076543,0.702,0.661,0.764,0.312733956,0.045194267,0.557458265,0.126,0.00107051,0.036056051
2019 Davao del Sur,Philippines,PH,PHL,608,East Asia and Pacific,Lower middle income,Matanao,12/15/19,2019,us60006rp9,6.8,4.56,13,179513.52,38227.16,7786,58726,217754,,"The Philippines regularly records housing damage and population displacement data after natural hazard events, including this earthquake [(DROMIC 2019)](https://dromic.dswd.gov.ph/ms-6-9-earthquake-incident-in-matanao-davao-del-sur-15-dec-2019/). The cumulative sheltered population was 58,726 people and temporarily with host households was 108,573 people. A reported 8,386 homes were totally damaged and 39,367 partially damaged ",0.540592003,0.729083061,5272749,0.405218658,0.508328362,11550.01563,0.002152077,0.41,0.714,0.385718972,0.04495303,5.7,3.7,3.8,1.3,0.996384615,6,363,0.014076543,0.702,0.661,0.764,0.312733956,0.045194267,0.557458265,0.126,0.00107051,0.036056051
2023 Davao de Oro,Philippines,PH,PHL,608,East Asia and Pacific,Lower middle income,,3/7/23,2023,us7000jhtd,5.9,3.54,0,43467.66,7780.92,10982,16362,51249,sequence,"The Philippines regularly records housing damage and population displacement data after natural hazard events, including this earthquake [(DROMIC 2023)](https://dromic.dswd.gov.ph/series-of-earthquake-events-in-new-bataan-davao-de-oro-06-mar-2023/). According to the final situation report #29 on February 20, 2025, a cumulative of 21,099 people were in ECs (currently 3,450) and a cumulative of 15,638 people with host households (currently 6,795). Medium term needs are estimated as the mean between those reported on June 5, 2023 and February 20, 2025 due to the lack of data inbetween those dates. The same report indicated 2,198 houses totally damaged and 10,081 houses partially damaged.",0.487374458,0.694067121,426152.1875,0.317843838,0.547401237,5020.458496,0.006245581,0.41,0.71,0.385718972,0.04495303,5.7,3.7,3.8,1.3,0.996384615,12,348,0.010586748,0.694,0.689,0.761,0.286075481,0.052621716,0.512166582,0.126,0.00107051,0.036056051
2025 Southern Leyte,Philippines,PH,PHL,608,East Asia and Pacific,Lower middle income,,1/23/25,2025,us6000plql,5.7,3.45,0,4902.45,86.25,0.4,0.4,4796,,"The Philippines regularly records housing damage and population displacement data after natural hazard events, including this earthquake [(DROMIC 2025)](https://dromic.dswd.gov.ph/mw-5-9-earthquake-incident-in-southern-leyte-23-january-2025/). Across the reviewed situation reports, all 64 displaced people stayed with host families rather than in evacuation centres, and had all returned somewhere between March 10 and September 18. While the September 18 report is slightly outside the 6-month window, it is used to infer a 0 for medium-term needs. Situation Report #11 (March 10), indicates that 25 homes were totally damaged and 1,340 homes were partially damaged in Southern Leyte.",0.587772331,0.597807288,123135.5078,0.223420868,0.663146591,3449.876465,0.009818419,0.41,0.71,0.385718972,0.04495303,5.7,3.7,3.8,1.3,0.996384615,13,132,0.009724246,0.694,0.689,0.761,0.278680675,0.054919341,0.500600273,0.126,0.00107051,0.036056051
2022 Fukushima,Japan,JP,JPN,392,East Asia and Pacific,High income,,3/16/22,2022,us6000h519,7.3,2.3,4,43810.4,3206.8,,1668,,,"The Japan Cabinet Office regularly reports damage and displacement data after earthquakes, which are often compiled with other relevant links at the Asian Disaster Reduction Center [(ADRC)](https://www.adrc.asia/view_disaster_en.php?Lang=en&Key=2521). The peak sheltered population was reported on March 17 at 1,668 people, which decreased to 114 people on March 18 and 18 people on April 19. The number of households that evacuated but did not stay in collective shelters is not regularly reported. There was an estimated 111 homes totally destroyed, 1,285 half-destroyed, and 19,048 partially damaged. Notably, this area was affected by a catastrophic earthquake in 2011, which may entail a high earthquake risk awareness.",0.075253396,0.84749639,10853384,0.001832912,0.205622902,38053.71875,7.99E-05,0.81217276,0.92,0.320334271,0.03883604,2.3,0.4,2.5,0,0.962307692,5,105,-0.002203331,0.928,0.854,0.985,0.118589362,0.294026473,0.702463332,0.0122,0.000506353,0.135930073
2021 Fukushima,Japan,JP,JPN,392,East Asia and Pacific,High income,,2/13/21,2021,us6000dher,7.1,2.2,1,6729.8,115.6,,64,,,"The Japan Cabinet Office regularly reports damage and displacement data after earthquakes, which are often compiled with other relevant links at the Asian Disaster Reduction Center [(ADRC)](https://www.adrc.asia/view_disaster_en.php?Lang=en&Key=2434). The peak sheltered population was reported on February 15 at 64 people, which reduced to 35 people on February 22. There were 21 totally destroyed homes, 32 half-destroyed homes, and 3,059 partially damaged houses. This area has been affected by several large aftershocks since the 2011 Tohoku earthquake, potentially resulting in a high earthquake risk awareness.",0.10337059,0.846507907,4064085.5,4.30E-05,0.205406227,39870.29688,9.39E-05,0.81217276,0.92,0.320334271,0.03883604,2.3,0.4,2.5,0,0.962307692,6,19952,-0.001387787,0.928,0.851,0.993,0.120482644,0.292169971,0.702569936,0.0122,0.000506353,0.135930073
2023 Noto,Japan,JP,JPN,392,East Asia and Pacific,High income,"Ishikawa, Suzu",5/5/23,2023,us6000k9mb,6.2,2.2,1,1553.2,71.6,,76,,,"The Japan Cabinet Office regularly reports damage and displacement data after earthquakes, which are often compiled with other relevant links at the Asian Disaster Reduction Center [(ADRC)](https://www.adrc.asia/view_disaster_en.php?Lang=en&Key=2603). The peak sheltered population was reported on May 7 at 76 people, which decreased to 24 people on May 8 and 4 people on May 18. The number of households that evacuated but did not stay in collective shelters is not regularly reported.",0.09229929,0.356521487,37161.77344,0,0.375923996,29976.49023,0,0.81217276,0.92,0.320334271,0.03883604,2.3,0.4,2.5,0,0.962307692,6,108,-0.002925386,0.928,0.854,0.985,0.116492906,0.295618101,0.701001399,0.0122,0.000506353,0.135930073
2016 Tottori,Japan,JP,JPN,392,East Asia and Pacific,High income,,10/21/16,2016,us20007fta,6.2,2.2,0,27555,235.4,,2862,,landslides,"The Japan Cabinet Office regularly reports damage and displacement data after earthquakes, which are often compiled with other relevant links at the Asian Disaster Reduction Center [(ADRC)](https://www.adrc.asia/view_disaster_en.php?Lang=en&Key=2154). A peak 2,862 people were sheltered on October 22, which reduced to 655 on October 24, 452 on October 28, and 15 on November 22. There were a reported 12 totally destroyed homes, 94 half-destroyed homes, and 12,525 partially damaged homes.",0.057096763,0.795820594,571869.3125,0.011596613,0.269898796,31463.27539,0.000495891,0.81217276,0.914,0.320334271,0.03883604,2.3,0.4,2.5,0,0.962307692,7,19883,-0.001454962,0.927,0.848,0.985,0.127232492,0.275120281,0.673227876,0.0122,0.000506353,0.135930073
2025 Cebu,Philippines,PH,PHL,608,East Asia and Pacific,Lower middle income,Bogo,9/30/25,2025,us6000rdrz,6.9,3.68,72,646546.56,30928.32,,7297,,,"The Philippines regularly records housing damage and population displacement data after natural hazard events, including this earthquake [(DROMIC 2025)](https://dromic.dswd.gov.ph/mw-6-9-earthquake-incident-in-city-of-bogo-cebu-30-sep-2025/). As of November 3, 6,720 people remained in shelters with a reported  cumulative 7,312 ever seeking shelter. In the same report, 16,812 people temporarily stayed with host households. An earlier report on October 3 indicated 26,638 people displaced, which was used as the peak evacuated estimate. A reported 8,424 homes were totally damaged and 175,692 partially damaged in the November 3 report. This event is ongoing at the time of data entry, with values subject to change in future situation reports. Long-term displacement estimates may be available at a future date.",0.501473083,0.743888736,2101065.5,0.26581398,0.599238853,4355.854004,0.001032907,0.41,0.71,0.385718972,0.04495303,5.7,3.7,3.8,1.3,0.996384615,13,132,0.009724246,0.694,0.689,0.761,0.278680675,0.054919341,0.500600273,0.126,0.00107051,0.036056051
2025 Myanmar,Myanmar,MM,MMR,104,East Asia and Pacific,Lower middle income,2025 Mandalay,3/28/25,2025,us7000pn9s,7.7,5.32,5352,229536.72,60834.12,281000,42118,,"conflict, high fatalities","Displacement and damage estimates are derived from AHA Centre Situation Reports through April 23, 2025, which indicated a displaced population of 206,977 of which 41,733 were in 135 temporary shelters [(AHA Centre 2025a)](https://ahacentre.org/situation-update/situation-update-no-10-m7-7-mandalay-earthquake-23-april-2025/). The protracted displacement estimate comes from a ASEAN Weekly Disaster Update, which cites a DDM Myanmar report as of July 2 that estimates 281k remaining displaced and a total of 100 temporary shelters still active [(AHA Centre 2025b)](https://reliefweb.int/report/philippines/asean-weekly-disaster-update-week-27-30-june-6-july-2025) Housing damage information was in the April 23 report, indicating 12,441 houses damaged and 12,441 houses destroyed. ",0.715049973,0.560551405,21700652,0.853638687,0.512959404,4201.084473,0.000664594,0.56,0.608,0.3438269,0.041033707,8.5,4.8,8.7,1,0.963125,1,4,0.007023179,0.586,0.532,0.715,0.243005301,0.073044263,0.46209425,0.2935,0.012279575,0.086098896
2025 Manay,Philippines,PH,PHL,608,East Asia and Pacific,Lower middle income,"Davao Oriental, Davao Earthquakes",10/10/25,2025,us6000rfwz,7.4,3.94,10,149889.42,6684.06,,11528,,"landslides, sequence, tsunami","The Philippines regularly records housing damage and population displacement data after natural hazard events, including this earthquake [(DROMIC 2025)](https://dromic.dswd.gov.ph/mw-7-4-earthquake-incident-in-manay-davao-oriental-10-october-2025/). On October 13, a peak of 11,528 people were evacuation centres with 192 households staying with friends/family. This number sheltered in evacuation centres decreased to 2,613 on October 17, 1,022 on October 21, and 692 on October 24. As of the November 3 report, there were 38,043 partially damaged houses and 1,699 totally damaged houses in Regions XI and Caraga. This is an ongoing event and additional displaced and damage estimates will be available over time.",0.494314613,0.692428827,5522353,0.332140541,0.494245605,11357.06348,0.005074187,0.41,0.714,0.385718972,0.04495303,5.7,3.7,3.8,1.3,0.996384615,13,132,0.009724246,0.694,0.689,0.761,0.278680675,0.054919341,0.500600273,0.126,0.00107051,0.036056051
2022 Cianjur,Indonesia,ID,IDN,360,East Asia and Pacific,Lower middle income,2022 West Java,11/21/22,2022,us7000ir9t,5.6,4.6,602,200592.2,62556,,115382,285683,weather or floods,"Peak sheltered estimates were reported as 114,683 people, which reduced to 14,678 households a month later [(IFRC 2023)](https://reliefweb.int/report/indonesia/indonesia-cianjur-earthquake-dref-final-report-mdrid025). This peak estimate is similar, but slightly different than the reported 115,382 by national authorities, which was used as the best estimate [(BNBP DIBI)](https://dibi.bnpb.go.id/superset/dashboard/1/?standalone=0&expand_filters=0). Per the same national database, 13,730 houses were heavily damaged, 16,320 moderately damaged, and 27,287 lightly damaged across Cianjur, Sukabumi, Kota Sukabumi, Bogor, and Bandung. These estimates were extracted in 2025 from the database, and assumed to be more accurate than earlier reporting that had widely varying estimates. As of June 8, 2024, 62,105 households had been assisted by the national government [(BNBP 2024)](https://www.bnpb.go.id/berita/kepala-bnpb-berikan-stimulan-perbaikan-rumah-rusak-tahap-keempat-bagi-warga-terdampak-gempa-cianjur). Additionally, a reported 200 families were to be relocated.",0.448908157,0.953401268,4331679,0.268382416,0.397449036,5503.105957,0.002564753,0.8044852,0.713,0.365220927,0.041496724,5.1,3.2,2.3,0.2,0.933461538,19,5076,0.009005082,0.737,0.663,0.783,0.25274067,0.068246663,0.472726577,0.0692,0.000646404,0.045887278
2016 Meinong,Taiwan,TW,TWN,158,East Asia and Pacific,High income,"Kaohsiung, Kaohsiung-Tainan",2/6/16,2016,us20004y6h,6.4,2.8,117,,1980.2,266,232,450,multi-family housing,"A maximum of 232 people were in shelters, which reduced to 89 people by February 10 [(NCDR 2016)](https://gadri.net/resources/pdf/Report%203%20of%202016%2002%2006%20Kaohsiung%20Earthquake%20%28Taiwan%29.pdf), while 313 people were in temporary accommodations and 49 receiving rental subsidies [(Tainan City Government 2016)](https://disaster.tainan.gov.tw/News_Content.aspx?n=13724&s=1907211). A total of 95 households extended their subsidies for over one year [(Tainan City Government 2017)](https://disaster.tainan.gov.tw/News_Content.aspx?n=13724&s=1909758), which was used for the medium-term needs estimate. Damage data was compiled by National Central University (NCU) via personal correspondence, which indicated 466 destroyed housing units and 283 half destroyed housing units.",0.502608643,0.92026484,5003250,0.025261502,0.137794962,56615.46094,0.001282079,0.78,0.926,0.31815879,0.077269797,4.7,2.4,0,0,0.924,3,7,-0.017,,,,,,,0.02,0.003059125,0.251799169
2022 Luzon,Philippines,PH,PHL,608,East Asia and Pacific,Lower middle income,"Tayum, Abra",7/27/22,2022,us6000i5rd,7,4.32,11,152897.76,3959.08,605,3781,156868,,"The Philippines regularly records housing damage and population displacement data after natural hazard events, including this earthquake [(DROMIC 2022)](https://dromic.dswd.gov.ph/mw-7-0-earthquake-incident-in-tayum-abra-27-jul-2022/). August 1 reported the peak sheltered population at 3,781 people in evacuation centres. August 3 reported the peak displaced population, with 2,995 people in evacuation centres and 63,138 people with family and friends. The terminal report on January 7, 2023 indicated 213 people still in temporary shelters and 392 people still temporarily with family or friends. This was used as the medium-term needs estimate as no later data was available. The same report indicated  919 totally damaged homes and 35,393 partially damaged homes in Regions I, II, and CAR.",0.447476845,0.635812879,3714407,0.238764877,0.563133278,4884.363281,0.022443697,0.41,0.71,0.385718972,0.04495303,5.7,3.7,3.8,1.3,0.996384615,13,452,0.011653264,0.694,0.689,0.761,0.2933101,0.050413152,0.523747407,0.126,0.00107051,0.036056051
2018 Lombok,Indonesia,ID,IDN,360,East Asia and Pacific,Lower middle income,,8/5/18,2018,us1000g3ub,5.9,4.32,560,577337.76,305278.72,34416,396032,913088,sequence,"Indonesia regularly reports housing damage and population displacement data after disaster events such as earthquakes [(BNPB DIBI)](https://dibi.bnpb.go.id/superset/dashboard/1/?standalone=0&expand_filters=0). The extracted estimates indicate 396,032 people sheltered and 70,796 houses heavily damaged, 31,302 moderately damaged, and 102,341 lightly damaged. The longer-term sheltered estimates are per IDMC internal data.",0.561053123,0.895068109,3958402.25,0.547606049,0.410297012,5237.418945,0.000609508,0.8044852,0.712,0.365220927,0.041496724,5.1,3.2,2.3,0.2,0.933461538,17,2067,0.011333833,0.724,0.655,0.77,0.263349404,0.063509593,0.485572856,0.0692,0.000646404,0.045887278
2019 Cotabato,Philippines,PH,PHL,608,East Asia and Pacific,Lower middle income,2019 North Cotabato (Tulunan),10/29/19,2019,us6000645n,6.5,4.79,12,104263.93,124025.05,,56646,238015,sequence,"The Philippines regularly records housing damage and population displacement data after natural hazard events, including this earthquake [(DROMIC 2019)](https://dromic.dswd.gov.ph/ms-6-6-earthquake-incident-in-tulunan-north-cotabato-29-oct-2019/). However, a nearby large earthquake on December 15 prevents inclusion of independent medium/long-term displaced estimates. A report 26,026 houses were totally damaged and 23,665 houses were partially damaged.",0.562155533,0.635179162,3455549.25,0.430131645,0.632032928,8445.991211,0.001040037,0.41,0.714,0.385718972,0.04495303,5.7,3.7,3.8,1.3,0.996384615,6,363,0.014076543,0.702,0.661,0.764,0.312733956,0.045194267,0.557458265,0.126,0.00107051,0.036056051
2024 Noto,Japan,JP,JPN,392,East Asia and Pacific,High income,,1/1/24,2024,us6000m0xl,7.5,2.2,228,174858.2,53493.8,6882,51605,6882,"tsunami, weather or floods","The Japan Cabinet Office regularly reports damage and displacement data after earthquakes, which are often compiled with other relevant links at the Asian Disaster Reduction Center [(ADRC)](https://www.adrc.asia/view_disaster_en.php?Lang=en&Key=2653). While the peak reported shelter population was 51,605 on January 2, this number quickly declined to 33,837 on January 4. About six months later, the estimated number was 2,086. About one year later, just 101. As of December 27, the reported damage was: 6,077 homes destroyed, 18,342 houses half destroyed, and 79,481 houses partially damaged [(Ishikawa Prefecture)](https://www.pref.ishikawa.lg.jp/saigai/documents/higaihou_181_1227_1600.pdf). An additional 11 houses were reported as flooded. As of December 23, 2024, all were 6,882 temporary housing units were completed for earthquake victims [(Ishikawa Prefecture 2024)](https://www.pref.ishikawa.lg.jp/kenju/saigai/r6oukyuukasetsujyuutaku.html). A further 286 temporary housing units were required for heavy rains.",0.072586174,0.870484829,4648524.5,2.96E-06,0.24221756,39975.15234,0.00071457,0.81217276,0.92,0.320334271,0.03883604,2.3,0.4,2.5,0,0.962307692,7,109,-0.003644157,0.928,0.854,0.985,0.114361016,0.297807704,0.701168404,0.0122,0.000506353,0.135930073
2018 Central Sulawesi,Indonesia,ID,IDN,360,East Asia and Pacific,Lower middle income,"2018 Palu, 2018 Sulawesi",9/28/18,2018,us1000h3p4,6.1,4.3,4340,263117,140419.5,84584,172999,407877,"high fatalities, household surveys, liquefaction, red zones, tsunami","Reported impacts by the province as of January 2019: 172,999 sheltered, 84,584 in temporary housing, and 407,877 assisted (based on damage estimates). There were 4,050 houses completely lost, 29,615 heavily damaged, 25,296 moderately damaged, and 35,894 minorly damaged. Disaster-prone zones were established, particularly in areas affected by secondary perils such as liquefaction and tsunamis, leading to large-scale relocations.",0.548995247,0.601380348,1647353.875,0.557026672,0.500687218,17598.89648,0.01287258,0.8044852,0.712,0.365220927,0.041496724,5.1,3.2,2.3,0.2,0.933461538,17,2067,0.011333833,0.724,0.655,0.77,0.263349404,0.063509593,0.485572856,0.0692,0.000646404,0.045887278
2016 Kumamoto,Japan,JP,JPN,392,East Asia and Pacific,High income,,4/16/16,2016,us20005iis,7,2.37,50,369487.74,101186.92,48770,196325,48770,"household surveys, sequence","The Japan Cabinet Office regularly reports damage and displacement data after earthquakes, which are often compiled with other relevant links at the Asian Disaster Reduction Center [(ADRC)](https://www.adrc.asia/view_disaster_en.php?Lang=en&Key=2088). A peak 196,325 people sought shelter, which reduced to 8,911 people by May 23. An estimated 34,000 people received rented temporary housing assistance, 11,000 constructed temporary housing, and 3,000 public housing assistance [(JCO 2017)](https://www.bousai.go.jp/kyoiku/panf/pdf/WP2017_DM_Full_Version.pdf). Additionally, an estimated 308,442 people evacuated per mobile location data [(Yabe et al 2020](https://doi.org/10.1098/rsif.2019.0532); [Paul et al 2024)](https://doi.org/10.26443/seismica.v3i2.1374). Household surveys indicate that only roughly 10% of households sought shelter, with many more households temporarily staying in a tent, car, outdoors, or other arrangement [(Kimura et al 2017)](https://doi.org/10.20965/jdr.2017.p1117). Households that evacuated more commonly reported damage and fear of aftershocks, whereas households that did not evacuate commonly reported that their building was not damaged.",0.083306904,0.873774946,4397233,9.76E-05,0.222123184,33808.22266,0.001497427,0.81217276,0.914,0.320334271,0.03883604,2.3,0.4,2.5,0,0.962307692,7,19883,-0.001454962,0.927,0.848,0.985,0.127232492,0.275120281,0.673227876,0.0122,0.000506353,0.135930073
2018 Osaka,Japan,JP,JPN,392,East Asia and Pacific,High income,,6/18/18,2018,us1000eu1c,5.5,2.2,5,125400,1040,24,1750,24,,"The Japan Cabinet Office regularly reports damage and displacement data after earthquakes, which are often compiled with other relevant links at the Asian Disaster Reduction Center [(ADRC)](https://www.adrc.asia/view_disaster_en.php?Lang=en&Key=2270). The peak sheltered population was reported on June 20 at 1,750 people, which reduced to 150 people on July 5. At least 11 households were provided with temporary rental assistance [(Fumitake Yoneno)](https://www.kenken.go.jp/japanese/research/lecture/r03/pdf/T02_Meno.pdf). Reported damage is 21 completely destroyed, 454 half-destroyed, and approximately 57,000 partially damaged houses [(JCO 2019)](https://www.bousai.go.jp/kaigirep/hakusho/pdf/R1_hakusho_english.pdf).",0.03881742,0.992766798,12642812,6.42E-05,0.060284085,46400.86719,0.000216375,0.81217276,0.917,0.320334271,0.03883604,2.3,0.4,2.5,0,0.962307692,7,19931,-0.001031616,0.929,0.849,0.989,0.124912219,0.283452163,0.690229537,0.0122,0.000506353,0.135930073
2018 Hokkaido,Japan,JP,JPN,392,East Asia and Pacific,High income,2018 Hokkaido Eastern Iburi earthquake,9/5/18,2018,us2000h8ty,6.6,2.25,44,28350,4528,,12224,929,,"The Japan Cabinet Office regularly reports damage and displacement data after earthquakes, which are often compiled with other relevant links at the Asian Disaster Reduction Center [(ADRC)](https://www.adrc.asia/view_disaster_en.php?Lang=en&Key=2298). The peak sheltered population was 12,224 people on September 7, which reduced to 603 people on September 27 and 329 people on October 29. Additionally, 1,956 people and 272 people were covered by evacuation advisories and orders, respectively. A reported 413 families received temporary housing [(JCO 2019)](https://www.bousai.go.jp/kaigirep/hakusho/pdf/R1_hakusho_english.pdf). In the same white paper, 6,767 houses were completely destroyed, 11,243 were half-destroyed, and 3,991 were partially damaged.",0.093186817,0.929040849,3036689.25,0,0.123726463,35962.42969,0.000214619,0.81217276,0.917,0.320334271,0.03883604,2.3,0.4,2.5,0,0.962307692,7,19931,-0.001031616,0.929,0.849,0.989,0.124912219,0.283452163,0.690229537,0.0122,0.000506353,0.135930073
2021 East Java,Indonesia,ID,IDN,360,East Asia and Pacific,Lower middle income,2021 Malang earthquake,4/10/21,2021,us6000e0iy,6,4.35,8,61395.9,10492.9,,2074,,,"Indonesia regularly reports housing damage and population displacement data after disaster events such as earthquakes [(BNPB DIBI)](https://dibi.bnpb.go.id/superset/dashboard/1/?standalone=0&expand_filters=0). The extracted estimates indicate 2,074 people sheltered,  2,414 houses heavily damaged, 5,125 houses moderately damaged, and 8,962 houses lightly damaged.",0.473782158,0.83,1260892,0.269292564,0.655822372,12233.99991,0,0.8044852,0.707,0.365220927,0.041496724,5.1,3.2,2.3,0.2,0.933461538,18,4965,0.009751466,0.73,0.663,0.73,0.255751534,0.066870107,0.47627981,0.0692,0.000646404,0.045887278
2017 Leyte,Philippines,PH,PHL,608,East Asia and Pacific,Lower middle income,Jaro,7/6/17,2017,us1000976a,6.5,5.64,4,12154.2,8365.76,,12077,20524,,"The Philippines regularly records housing damage and population displacement data after natural hazard events, including this earthquake [(NDRRMC 2017)](https://ndrrmc.gov.ph/2014-09-05-05-49-57/19-ndrrmc-disaster-archive/4154-2017-disaster-archives.html). The peak sheltered population is 12,077 people on July 15, which decreases to 8,439 people by July 21. A peak 9,626 people temporarily stayed with friends and family. The final situation report on July 21 estimated 2,155 partially damaged houses and 1,484 totally damaged houses.",0.499749069,0.716883898,1903895.75,0.223420868,0.564676208,5481.20752,0.001257985,0.41,0.7,0.385718972,0.04495303,5.7,3.7,3.8,1.3,0.996384615,4,352,0.01671167,0.691,0.629,0.769,0.323359093,0.041181554,0.573664779,0.126,0.00107051,0.036056051
2019 Durres,Albania,AL,ALB,8,Europe and Central Asia,Upper middle income,2019 Central Albania,11/26/19,2019,us70006d0m,6.4,4.09,51,48826.42,18558.5,1800,12712,13000,,"Displacement estimates are based on internal IDMC data, which cite IFRC, OCHA, and the national government. Additionally, UNDP reported that many households stayed in damaged homes or were hosted by other households. After approximately one month, 4,782 displaced households were in collective shelter centers, 4,511 in tents outside their damaged homes, and 3,459 hosted by relatives. Roughly 13,000 had rent paid for by the government approximately 1.5 years later, with about 500 still in tents. Housing damage estimates are aggregated based on available literature [(Verzivolli et al 2022)](https://www.researchgate.net/publication/379828761_Analysis_of_data_collected_from_damaged_buildings).",0.267713375,0.774668872,1474660.25,0.150544519,0.213437576,19782.56836,0.00431741,0.640227,0.8,0.315985942,0.03008142,5.2,2,4.2,2.9,0.965692308,0,0,-0.001991451,0.757,0.754,0.915,0.177442917,0.142480987,0.470423741,0.1,0.01703037,0.151386962
2023 Tajikistan,Tajikistan,TJ,TJK,762,Europe and Central Asia,Lower middle income,,3/23/23,2023,us7000jm0r,5.8,6,0,2178,24,,0.4,1908,remote,"The IFRC assisted 1,908 individuals, indicating that those whose homes were either fully or partially damaged temporarily relocated to stay with their relatives with an intent to rebuild [(IFRC 2023)](https://reliefweb.int/report/tajikistan/tajikistan-earthquake-2023-dref-final-report-mdrtj035). The same report indicates 363 houses with partial damage and 4 houses completely destroyed per CoES.",0.55941433,0,2377.448242,0.457356491,0.659511719,2139.508301,0.4532291,0.79,0.679,0.33995536,0.034702431,7.3,4.5,3.6,5,0.903692308,2,7,0.023044899,0.603,0.677,0.793,0.365062325,0.036500564,0.671019443,0.157,0.025666106,0.208762435
2023 Kahramanmaras,Turkiye,TR,TUR,792,Europe and Central Asia,Upper middle income,"Central Turkey earthquake, Turkiye/Syria earthquake, Kahramanmaras-Gaziantep",2/6/23,2023,us6000jllz,7.8,3.34,53537,5923520.06,1699278.3,538000,3000798,538000,"high fatalities, multi-family housing, sequence","The displaced estimates are based on internal IDMC data, which uses OCHA, IOM DTM, and AFAD as the primary sources. Over time, displaced populations moved from tent cities to containers. The assisted estimate (also used as the medium-term needs estimate) is based on the number of people in containers as of October 2024 per AFAD. The housing damage data was supplied from Ministry of Environment, Urbanization, and Climate Change. Damage statistics are generally available from the literature [(Yilmaz et al. 2024)](https://doi.org/10.1061/AOMJAH.AOENG-0041), but we requested custom aggregations that consider housing units rather than buildings given the prevalence of multi-family housing.",0.399125977,0.779961169,11434368,0.169576073,0.263080044,17275.02148,0.005830159,0.61283735,0.855,0.420631586,0.048281888,6.1,1.6,8.4,0.4,0.927538462,6,169,0.011363865,0.876,0.8,0.886,0.21839729,0.100010277,0.467152423,0.1866,0.001327977,0.224526005
2020 Petrinja,Croatia,HR,HRV,191,Europe and Central Asia,High income,,12/29/20,2020,us6000d3zh,6.4,5.61,8,142017.15,10594.9,6258,675,6258,,"Displacement and damage data was provided courtesy the Croatian Centre for Earthquake Engineering, which was cross-referenced with internal IDMC data. Sheltering initially took place at public gyms and military barracks, with an estimated peak of 675 people. Temporary housing included mobile homes and small wooden houses. The damaged and destroyed housing estimates are custom aggregations based on the damage assessment focused on usability of buildings post-earthquake. Roughly 7,442 deemed uninhabitable at least in the short-term, whereas about 1,890 dwellings were destroyed.",0.141713285,0.761428118,1204474.25,0.014444891,0.150205059,50954.44141,0,0.903446657,0.86,0.308192871,0.025515114,4.5,0.8,5.2,1.2,0.991076923,0,0,-0.012302195,0.872,0.846,0.885,0.144517721,0.21666176,0.565384977,0.0618,0.011097935,0.094608557
2020 Zagreb,Croatia,HR,HRV,191,Europe and Central Asia,High income,,3/22/20,2020,us70008dx7,5.4,2.7,1,98625.6,3608.9,630,482,630,,"Displacement and damage data were largely provided courtesy the Croatian Centre for Earthquake Engineering. A temporary camp was initially set up with 60 tents [(IFRC 2020)](https://reliefweb.int/report/croatia/croatia-earthquake-dref-operation-n-mdrhr003-final-report). However, student dormitories were already empty due to the Covid-19 pandemic, and so displaced households moved there instead. Given this unique circumstance, the number of people in student dormitories was used instead of the number of people at collective shelter points to capture the sheltered population. The number of damaged and destroyed houses are based on custom aggregations from the damage assessment, which focused on usability post-earthquake. Approximately 11,710 houses were uninhabitable at least temporarily, whereas 1,337 houses were destroyed.",0.103512173,0.869543493,937302.75,0.010786508,0.089082718,59406.79688,8.06E-05,0.903446657,0.86,0.308192871,0.025515114,4.5,0.8,5.2,1.2,0.991076923,0,0,-0.012302195,0.872,0.846,0.885,0.144517721,0.21666176,0.565384977,0.0618,0.011097935,0.094608557
2009 LAquila,Italy,IT,ITA,380,Europe and Central Asia,High income,Abruzzo,4/6/09,2009,usp000gvtu,6.3,2.06,309,163401.26,58922.18,21000,35690,53968,sequence,"A reported 67,459 people were displaced and accommodated in tents (35,690) or in hotels and private homes (31,769) [(DPC 2010)](https://www.protezionecivile.gov.it/resources/cms/documents/PassaggioConsegne29_01_2010.pdf). All tents closed by November 2009, and 53,968 received some form of temporary housing assistance [(Mannella et al 2017)](https://doi.org/10.3390/su9081395). Reconstruction promoted lightly damaged homes first to reduce the time displaced households were hosted in hotels, the most expensive form of temporary accommodation. Roughly 41% of displaced people returned within a year, 79% after six years and eight months, and 80% after about eight years from the earthquake. Medium-term needs are approximated as the number of people in forms of temporary housing provided by the government at the six-month mark. The damage assessment data is available via the DaDo database [(DPC)](https://bgo.ogs.it/issues/2019-vol-60-2/observed-damage-database-past-italian-earthquakes-dado-webgis). ",0.105082512,0.381936848,171548.7813,0.006485371,0.140956173,37934.33984,0.037453603,0.731822912,0.877,0.349669552,0.035949535,4.2,0.4,5.4,0.1,0.970538462,29,332,0.005620087,0.937,0.777,0.95,0.140384774,0.203135164,0.523275513,0.039,0.001810936,0.096264178
2020 Izmir,Turkiye,TR,TUR,792,Europe and Central Asia,Upper middle income,"İzmir, Aegean Sea, Samos, Izmir-Samos",10/30/20,2020,us7000c7y0,6.7,3.1,143,174055.7,13028.9,7000,10476,7000,weather or floods,"Sheltered estimates were available from internal IDMC data. As of November 6, temporary shelter/container construction began for 7,000 people [(AFAD 2020)](https://reliefweb.int/report/turkey/afad-press-bulletin-izmir-turkey-earthquake-report-6-november-2020). The housing damage data was supplied from the Ministry of Environment, Urbanization, and Climate Change.",0.252669945,0.888550937,4800394.5,0.100038366,0.103371677,40785.78125,0.001937096,0.61283735,0.835,0.420631586,0.048281888,6.1,1.6,8.4,0.4,0.927538462,5,699,0.013611088,0.852,0.794,0.87,0.227698976,0.089638644,0.464852951,0.1866,0.001327977,0.224526005
2020 Elazig,Turkiye,TR,TUR,792,Europe and Central Asia,Upper middle income,"Elaziğ, Elazig-Sivrice",1/24/20,2020,us60007ewc,6.7,3.86,41,352506.78,135437.28,18799,27018,18799,multi-family housing,"Displaced estimates are from internal IDMC data, where the assisted populations are based on the number of people in containers. The housing damage data was supplied from the Ministry of Environment, Urbanization, and Climate Change.",0.36583004,0.739974499,1643363,0.154362478,0.207811241,20238.18164,0.007777925,0.61283735,0.835,0.420631586,0.048281888,6.1,1.6,8.4,0.4,0.927538462,5,699,0.013611088,0.852,0.794,0.87,0.227698976,0.089638644,0.464852951,0.1866,0.001327977,0.224526005
2016-17 Central Italy,Italy,IT,ITA,380,Europe and Central Asia,High income,,8/24/16,2016,us10006g7d,6.2,1.75,299,164519.25,66111.75,8424,4807,49844,sequence,"A series of earthquakes affected this area of Central Italy. In the first week after the August earthquake, 4,807 people were in shelters such as tent camps, sports arenas, and gyms [(DPC 2018)](https://emergenze.protezionecivile.gov.it/it/sismiche/terremoto-centro-italia-2016/). In the first week after the October earthquake, 49,844 people were assisted in various forms of options: emergency prefabricated wood housing solutions (SAE; 7,782), hotels (1,934), emergency rural prefabricated housing (MAPRE; 807), container modules (642), communal structures (486), and via financial support for destroyed housing (CAS; 38,184). The damage assessment data is available via the DaDo database [(DPC)](https://bgo.ogs.it/issues/2019-vol-60-2/observed-damage-database-past-italian-earthquakes-dado-webgis).",0.092599401,0,36113.48047,0.006737939,0.326104927,37624.91016,0.028297432,0.731822912,0.886,0.349669552,0.035949535,4.2,0.4,5.4,0.1,0.970538462,3,324,0.001369352,0.934,0.79,0.97,0.13554862,0.223095886,0.55919769,0.039,0.001810936,0.096264178
2017 Chong-Alay,Kyrgyzstan,KG,KGZ,417,Europe and Central Asia,Lower middle income,Kyrgyzstan,5/3/17,2017,us10008npq,6,7.06,0,3261.72,3791.22,,3884,3884,remote,"As of November 17, tarps were distributed to 250 households and needed for 550 households [(IFRC 2017)](https://reliefweb.int/report/kyrgyzstan/kyrgyzstan-earthquake-emergency-plan-action-final-report-dref-n-mdrkg012). The latter is used as the peak sheltered estimate due to a lack of more reliable data. The same report indicates 81 homes with small cracks, 144 with moderate cracks, 237 capital repairs, 529 partially destroyed, and 8 completely destroyed.",0.579673347,0.051049124,15888.19141,0.515035706,0.555282097,1776.292603,0.193727866,0.961,0.695,0.281233185,0.026806841,7.2,3.1,4.7,4.8,0.961692308,1,74,0.021709345,0.611,0.736,0.777,0.321802876,0.051191776,0.594882777,0.273,0.015936606,0.155764799
2014 Iquique,Chile,CL,CHL,152,Latin America and the Caribbean,High income,,4/1/14,2014,usc000nzvd,8.2,3.93,7,46091.04,7412.84,1686,1359,10717,"multi-family housing, tsunami","On April 4, there were 1,359 people sheltered [(Government of Chile 2014a)](https://reliefweb.int/report/chile/chile-infograf-balances-de-albergados-y-efectos-del-terremoto-en-el-norte-del-pa-s-al-4). According to the Tarapaca reconstruction plan, 2,727 households received some form of temporary assistance: rent and basic services subsidy (1,116), family network reception subsidy (983), or housing in slums (429) [(Government of Chile 2014b)](https://www.interior.gob.cl/media/2014/10/1.-plan-de-reconstruccion-tarapaca.pdf). Damage estimates are based on a custom aggregation from MINVU data received via personal correspondence.",0.233308582,0.855383635,1039855.188,0.083701429,0.231546783,25654.20508,0.036806773,0.6214992,0.841,0.457255198,0.145409162,3.7,1.3,7.2,0,0.964384615,5,586,0.009875133,0.844,0.79,0.919,0.201994688,0.10954577,0.452518121,0.128,0.001341589,0.1107308
2025 Guatemala,Guatemala,GT,GTM,320,Latin America and the Caribbean,Upper middle income,,7/8/25,2025,us7000qbfv,5.7,4.5,9,7501.5,2371.5,,1244,,sequence,"As of July 16, the National Coordinator for disaster Reduction (CONRED) reported 4,769 evacuations, of which 1,244 are in shelters [(IFRC 2025)](https://reliefweb.int/report/guatemala/guatemala-earthquake-dref-operation-mdrgt026). The same report indicates: 50 homes at risk of collapse, 479 severely damaged, 992 with moderate damage, and 675 with minor damage. Notably, there have been several aftershocks in Jutiapa, some of which have triggered further evacuations and shelter needs. However, the sequence of earthquakes and their resulting damage or displacement has not been accounted for here.",0.4145187,0.933163524,1427866.875,0.559248466,0.409886246,17275.83594,0.008375498,0.7,0.629,0.467696015,0.08932758,7.2,5.6,6.5,2.6,0.925384615,1,3,0.014745596,0.725,0.492,0.788,0.315771278,0.048493349,0.572981464,0.52,0.006710816,0.099256485
2022 Esmeraldas,Ecuador,EC,ECU,218,Latin America and the Caribbean,Upper middle income,,3/26/22,2022,us7000gxlu,5.8,3.5,1,13387.5,2725.5,,247,9790,,"Situation reports from the Secretaría Nacional de Gestión de Riesgos indicate a peak sheltered population of 247, which reduced to 0 after a month [(SNR 2022)](https://www.gestionderiesgos.gob.ec/informes-de-situacion-sismos-en-esmeraldas-26-y-27-de-marzo-de-2022/). As of June 27, a reported 709 red (uninhabitable) homes were to be demolished or rebuilt and 2,088 yellow homes were to be repaired [(MIDUVI 2022)](https://www.habitatyvivienda.gob.ec/boletin-053-2/). It is assumed all these households will be ‘assisted’. However, 57% of those homes lacked legal ownership in accordance with relevant laws, preventing a subsidy from being delivered until legal ownership of the land is regularized. As of February 2023, situation report #42 indicated 779 severely damaged homes, 2,428 moderately damaged homes, and 1,397 minorly damaged homes, which was treated as the best estimate of housing damage.",0.366049728,0.792817831,239350.9063,0.134234619,0.289877319,13157.06543,1.18E-05,0.68,0.765,0.458981473,0.070053661,6.4,3,7.1,1,0.987846154,2,673,0.013882051,0.745,0.712,0.87,0.255167431,0.078504016,0.500761078,0.19,0.002481002,0.079353062
2017 Chiapas,Mexico,MX,MEX,484,Latin America and the Caribbean,Upper middle income,,9/7/17,2017,us2000ahv0,8.2,3.75,98,122625,52675.75,,7305,52676,weather or floods,"Up to 7,305 were in 33 temporary shelters, which reduced to 345 people by late November 2017 [(CENAPRED 2019)](https://www.cenapred.gob.mx/es/Publicaciones/archivos/415-IMPACTO_SOCIOECONOMICO_2017.PDF). In the same report, another 75,512 people stayed with friends and relatives. Approximately 32,700 homes were reported as partially damaged and 14,073 as completely destroyed.",0.501328163,0.560839653,2339286,0.121698217,0.440393333,8610.961914,0.004944595,0.711619225,0.776,0.467261611,0.188877553,6.4,3.1,5.2,0.5,0.962230769,4,9,0.011877382,0.812,0.704,0.835,0.271658496,0.069659202,0.518182578,0.199,0.000869061,0.060412939
2023 Guayas,Ecuador,EC,ECU,218,Latin America and the Caribbean,Upper middle income,2023 Esmeraldas,3/18/23,2023,us7000jl3s,6.8,3.5,14,3675,1004.5,53,227,,,"A reported 2,600 families received assistance with 70 families (227 people) in temporary shelters [(SGR)](https://www.gestionderiesgos.gob.ec/mas-de-2-600-familias-beneficiadas-con-asistencia-humanitaria-y-70-familias-estan-en-alojamientos-temporales-tras-sismo-en-esmeraldas/). This number reduced to 77 people as of May 4 per the final situation report #35 [(SGR 2023)](https://www.gestionderiesgos.gob.ec/informes-de-situacion-sismo-balao-guayas-18-03-2023/). As of April 25, 2025, the number of people in shelters was reported as 53 [(SGR Dashboard)](https://sgrportal.gestionderiesgos.gob.ec/portal/apps/dashboards/7f766c28cef04e84a5d3c71075611035). The same dashboard indicated the following use categories of homes: 974 prohibited, 2k restricted, and 1.2k permitted. Meanwhile, the final situation report #35 indicates 291 destroyed homes and 1,050 affected homes, which was used for the damage estimates.",0.376663704,0.76131016,7233604,0.235121231,0.254482765,10579.87109,0.008580528,0.68,0.765,0.458981473,0.070053661,6.4,3,7.1,1,0.987846154,3,674,0.012399429,0.745,0.712,0.87,0.250046899,0.080928826,0.494714074,0.19,0.002481002,0.079353062
2021 Amazonas,Peru,PE,PER,604,Latin America and the Caribbean,Upper middle income,"Loreto, Northen Peru",11/28/21,2021,us7000fxq2,7.5,3,1,17706,1463,851,1359,1023,remote,"Situation reports from INDECI estimate the population in temporary shelters and damaged housing over time [INDECI 2021-2](https://portal.indeci.gob.pe/emergencias/reporte-preliminar-n-2841-28-11-2021-coen-indeci-0635-horas-movimiento-sismico-7-5-en-el-distrito-de-santa-maria-de-nieva-provincia-de-condorcanqui-amazonas/). As of December 3, 141 tourists were evacuated. As of January 13, there were 1,359 people in temporary shelters, which reduced to 851 people on March 31. The national government distributed 341 emergency housing modules [(IFRC 2022)](https://reliefweb.int/report/peru/peru-earthquake-dref-final-report-dref-operation-ndeg-mdrpe013). As of May 19, 488 houses were destroyed, 1,699 houses were uninhabitable, and 4,203 houses were affected",0.475699234,0.471302927,596943.5,0.293335361,0.526260033,5831.317871,0.004892522,0.7,0.755,0.429077796,0.120844416,6.5,3.3,8.3,0.6,0.952230769,6,18,0.015170277,0.745,0.753,0.794,0.251403582,0.087540923,0.512732346,0.291,0.002687521,0.080772114
2016 Pedernales,Ecuador,EC,ECU,218,Latin America and the Caribbean,Upper middle income,"Northwestern Ecuador, Ecuador, Muisne, Esmeraldas",4/16/16,2016,us20005j32,7.8,3.9,663,185710.2,86790.6,16728,32757,113883,,"Sheltered estimates are per IDMC internal data. which cite OCHA, IOM, and MIES. Available situation reports match these estimates [(SNR 2016)](https://www.gestionderiesgos.gob.ec/informes-de-situacion-actual-terremoto-magnitud-7-8/). The government provided 34,329 housing incentives in earthquake-affected areas[Secretaría General de Comunicación de la Presidencia](https://www.comunicacion.gob.ec/gobierno-ha-entregado-34-329-incentivos-de-vivienda-en-las-provincias-afectadas-por-el-terremoto/). The post-earthquake rapid damage estimate indicates 22,424 red tags, 27,343 yellow tags, and 20,275 green tags [(MIDUVI 2017)](https://moodle.net/.pkg/@moodlenet/ed-resource/dl/ed-resource/6L36M6a6/071_catalogo_de_terrenos_reubicacion_de_damnificados_del_terremoto.pdf).",0.374798927,0.681852996,8258392.5,0.214021931,0.310332947,10256.70801,0.001416305,0.68,0.761,0.458981473,0.070053661,6.4,3,7.1,1,0.987846154,0,0,0.015304433,0.74,0.692,0.863,0.285021025,0.068256895,0.546259321,0.19,0.002481002,0.079353062
2024 El Carmen y Conchagua,El Salvador,SV,SLV,222,Latin America and the Caribbean,Upper middle income,2024 La Unión,12/8/24,2024,us7000nx79,5.6,3.7,1,403.3,295,,0.4,,,"According to personal correspondence with national authorities, no temporary shelters were activated for this event as people self-sheltered in the homes of family or friends. A reported 27 homes were destroyed, 163 uninhabitable, and 94 habitable.",0.636253777,0.47616154,237823.2813,0.176814461,0.525331383,7356.593262,0.011655344,0.63,0.674,0.404670012,0.114508665,6,4.8,6.3,4.6,0.981692308,1,1,0.002872701,0.7,0.546,0.8,0.248061238,0.081486159,0.491529743,0.1,0.002767536,0.150585934
2016 Caylloma,Peru,PE,PER,604,Latin America and the Caribbean,Upper middle income,"Arequipa, Caylloma-Arequipa",8/14/16,2016,us10006du3,5.5,4.9,9,13499.5,657.4,5689,1475,1084,,"Per Situation Report #25 on August 23, 301 tents were installed [(INDECI 2016)](https://www.gob.pe/indeci), which was used as the peak sheltered estimate. Internal IDMC data indicates that 4,046 people were displaced per INDECI, which was used as the evacuated estimate. Situation Report #33 on August 29 indicates 137 collapsed homes, 1,043 uninhabitable homes, and 1,710 damaged homes. Over a year later, 70 families were still in tent conditions and 7 families (35 people) in shelters [(El Comercio 2018)](https://reliefweb.int/report/peru/70-familias-n-viven-en-carpas-tras-un-o-del-sismo). Moreover, 324 households were pending construction and 780 families pending relocation. These households are all assumed in the medium-term needs category.",0.320601692,0,1433.454834,0.075926795,0.422625618,12942.99902,0.107619226,0.7,0.764,0.429077796,0.120844416,6.5,3.3,8.3,0.6,0.952230769,3,602,0.009259052,0.749,0.721,0.861,0.271922157,0.083047723,0.550315226,0.291,0.002687521,0.080772114
2021 Nippes,Haiti,HT,HTI,332,Latin America and the Caribbean,Lower middle income,2021 Haiti,8/14/21,2021,us6000f65h,7.2,5.7,2248,477489,304497.5,16185,38777,47790,"conflict, high fatalities, weather or floods","The peak sheltered population is based on IOM DTM on September 20, whereas some earlier estimates by IOM DTM are significantly lower.  Nearly a year later, IOM and the Haiti Civil Protection both report 16,185 still displaced. Many displaced households stayed near their property to protect their belongings [(IFRC 2022)](https://reliefweb.int/report/haiti/haiti-earthquake-operation-6-month-update-emergency-appeal-no-mdrht018). Meanwhile, an estimated 90,000 evacuated due to the earthquake and Tropical Depression Grace as of August 23 per mobile location data [(FlowMinder 2021)](https://www.flowminder.org/resources/publications-reports/2021-haiti-earthquake-report-2-population-movements-estimated-with-mobile-operator-data-from-digicel-haiti-report-from-27-august). An estimated 53,815 houses were destroyed and 83,770 houses damaged [(CDEMA 2021)](https://www.cdema.org/images/2021/09/FINAL_CDEMA_Situation_Report_12_Haiti_Earthquake_14Sep2021.pdf). More detailed damage surveys were also conducted [(Miyamoto et al 2024)](https://doi.org/10.1016/j.ijdrr.2024.104402).",0.913782425,0.598997593,1910368.375,0.693895645,0.793932877,2100.765869,0.043873206,0.6,0.551,0.60450804,0.08932758,9,6.6,7.1,4.7,0.909692308,1,17,0.013335239,0.52,0.482,0.656,0.322729856,0.044842555,0.58120883,0,0.011615831,0.113745421
2015 Illapel,Chile,CL,CHL,152,Latin America and the Caribbean,High income,,9/16/15,2015,us20003k7a,8.3,3.9,13,24843,915.2,7492,57,28412,"multi-family housing, tsunami","More than 600,000 people were evacuated due to a tsunami alert for the entire coastal area of Chile [(IFRC 2016)](https://reliefweb.int/report/chile/chile-earthquake-emergency-plan-action-final-report-dref-operation-mdrcl012). However, this figure is not included as it pertains to the tsunami alert and not earthquake ground shaking. Per the same report, 57 people were in evacuation centres in Coquimbo and over 400 families received financing for tools and materials across affected areas. According to the Coquimbo Earthquake Reconstruction Plan Report, 7,285 families received some form of support: build-on-site solutions (CSP; 1,545), repair solutions including housing complex repair (3,635), material bank solutions (1,729), or procurement solutions (376) [(MINVU 2016)](https://www.gorecoquimbo.cl/informes-de-avance-plan-de-reconstruccion-2016-2020/gorecoquimbo/2017-06-16/123005.html). Damage estimates are based on a custom aggregation from MINVU data received via personal correspondence.",0.192020531,0.793761969,2988689.75,0.073893304,0.245901871,24413.11328,0.005069761,0.6214992,0.846,0.457255198,0.145409162,3.7,1.3,7.2,0,0.964384615,6,592,0.009850791,0.849,0.797,0.923,0.199392518,0.112496572,0.453254059,0.128,0.001341589,0.1107308
2017 Puebla,Mexico,MX,MEX,484,Latin America and the Caribbean,Upper middle income,,9/19/17,2017,us2000ar20,7.1,3.75,369,194025,61513.5,,5447,50000,,"A peak sheltered population of 5,447 people in 96 temporary shelters on October 3, with an unknown number in spontaneous locations [(UNCT 2017)](https://reliefweb.int/report/mexico/mexico-earthquake-magnitude-71-informe-de-situaci-n-no-03-del-sistema-de-naciones). As of February 6, 50,000 checks for housing support had been distributed [(UNICEF 2018)](https://reliefweb.int/report/mexico/mexico-earthquake-humanitarian-situation-report-no-10-6-february-2018). A reported 16,502 houses were totally damaged and 36,928 partially damaged outside of Mexico City, whereas 12,812 houses were affected in Mexico City [(CENAPRED 2019)](https://www.cenapred.unam.mx/es/Publicaciones/archivos/403-NO.19-RESUMENEJECUTIVOIMPACTO2017.PDF). It was assumed that all “affected” houses in Mexico City were damaged and not destroyed.",0.310958595,0.92827189,28507272,0.166270924,0.221764507,19198.4043,0.000621099,0.711619225,0.776,0.467261611,0.188877553,6.4,3.1,5.2,0.5,0.962230769,4,9,0.011877382,0.812,0.704,0.835,0.271658496,0.069659202,0.518182578,0.199,0.000869061,0.060412939
2020 Puerto Rico,Puerto Rico,PR,PRI,630,Latin America and the Caribbean,High income,,1/7/20,2020,us70006vll,6.4,2.6,4,29385.2,6912,,7965,37018,,"Displaced estimates are according to internal IDMC data, which cites FEMA as the primary source and reports a peak sheltered population on January 15. Some reporting indicates that many more households stayed in non-traditional shelters rather than official shelters [(IMC 2020)](https://reliefweb.int/report/puerto-rico-united-states-america/puerto-rico-earthquake-situation-report-3-january-15-2020). Damage estimates are aggregated based on the press [(CPI 2020)](https://periodismoinvestigativo.com/2020/10/casi-diez-mil-familias-podrian-tener-sus-viviendas-afectadas-a-diez-meses-de-los-terremotos/). Assisted estimates are based on OpenFEMA data.",0.483521385,0.645599306,451560.4063,0.071541786,0.386771507,28905.10547,0.004554205,0.73,0.879,0.5509,0.075467546,3.1,0.8,5.7,0,0.9928,0,0,-0.01619246,,,,0.133781925,0.224538396,0.558409673,0.396,0.005006796,0.083324676
2023 Al Haouz,Morocco,MA,MAR,504,Middle East and North Africa,Upper middle income,"Marrakesh, Marrakesh-Safi",9/8/23,2023,us7000kufc,6.8,4,2960,162312,73424,,35500,44224,high fatalities,"After 12 months, IFRC reached 44,224 individuals with shelter, housing, and settlements assistance [(IFRC 2024)](https://reliefweb.int/report/morocco/morocco-earthquake-2023-operation-update-5-12-months-mdrma010), which is used for the peak sheltered estimate. After 18 months, a reported 3,211 tents remained from the initial 35,500 estimates [(IFRC 2025)](https://reliefweb.int/report/morocco/morocco-earthquake-2023-operation-update-6-18-months-mdrma010). The same report indicated that 33,636 households completed construction or rehabilitation of their partially or completely destroyed homes, with work commenced on 52,669 homes (14,463 of which were over 50% complete). Some 1,378 households were also being relocated due to challenging terrain affecting 4,633 homes. Reconstruction was expected to be 80% complete within two months. As of September 22, Faouzi Lekjaa (Minister Delegate of Ministry of Economy and Finance) said at least 59,674 houses were damaged, 32% of which were totally collapsed [(Reuters 2023)](https://www.reuters.com/world/africa/morocco-earthquake-affected-28-million-people-says-minister-2023-09-22/#:~:text=At%20least%2059%2C674%20houses%20were,in%20a%20presentation%20at%20parliament).",0.588581238,0.46423617,3083619.25,0.30545351,0.52114357,6912.035645,0.008290414,0.61,0.698,0.39548507,0.045574001,5.7,3.9,2.6,1.5,0.845769231,0,0,0.010403961,0.671,0.612,0.849,0.260351984,0.078257411,0.511965828,0.408,0.003655712,0.092574397
2020 Mila,Algeria,DZ,DZA,12,Middle East and North Africa,Upper middle income,,8/7/20,2020,us6000bag6,5,4.94,0,8753.68,755.82,,8274,2700,"landslides, multi-family housing, red zones, sequence","Sheltered estimates are based on internal IDMC data from the IFRC. A reported 181 families were provided relocation housing and 359 families with rental subsidies [(APS 2020)](https://www.aps.dz/ar/regions/95519-181-359). Damage estimates were based on literature, but multiplied by 1.5 to adjust from residential buildings to housing units per discussion with the lead author [(Hamidatou et al 2023)](https://doi.org/10.1007/s10518-022-01568-9).",0.320105133,0.893823266,92533.36719,0.131594028,0.232200298,7699.000977,0,0.74,0.73,0.27615732,0.03458094,6.5,2.4,4.5,0.2,0.874307692,1,6,0.020042886,0.748,0.666,0.819,0.308424616,0.058940889,0.580691549,0.28,0.004725276,0.022118319
2019 East Azerbaijan,Iran,IR,IRN,364,Middle East and North Africa,Upper middle income,Miyaneh,11/8/19,2019,us600068w0,5.9,3.3,5,3300,5770,,13348,10200,"landslides, remote","Displaced estimates are from internal IDMC, which are primarily via IFRC. Reliable damage estimates are not readily available, with only partial reporting in press [(Iran Press 2019)](https://iranpress.com/content/15586/iranian-official-1800-earthquake-hit-residential-units-should-reconstructed).",0.306635323,0.411355108,182969.1406,0.114473276,0.307157612,9386.589844,0.001862143,0.49,0.785,0.355110099,0.051893826,7.4,2.3,8,0,0.875230769,11,819,0.013798843,0.742,0.749,0.875,0.239130747,0.070159884,0.447786948,0.1691,0.004866097,0.056824239
2023 Turkiye/Syria,Syria,SY,SYR,760,Middle East and North Africa,Low income,"Kahramanmaras, Central Turkey earthquake, Turkiye/Syria earthquake, Kahramanmaras-Gaziantep",2/6/23,2023,us6000jllz,7.8,5.1,7259,1081200,55114,22180,297351,,"conflict, high fatalities","Data for this event in Syria is complicated due to the ongoing conflict, with different sources providing estimates for different administrative areas. Based on a review of all data IDMC has internally for this event, the peak sheltered population is estimated as 297,351. This is based on early estimates from UN OCHA about the total displaced population across camps and host communities, but multiplied by 77% to estimate the number in camps per estimates from the whole-of-Syria report. Later sheltered estimates were based on UN OCHA, with manual aggregations across affected areas and similar timespans. Since data is not available at the six month mark, this is approximated as the average sheltered estimate between May 10, 2023 and August 30, 2024. Damaged houses are similarly complicated and estimated based on a Shelter Cluster Earthquake Response Strategy Report: 12,230 complete, 40,769 severe, 44,846 major, 126,385 minor, and 183,461 undamaged [(Shelter Cluster 2023)](https://reliefweb.int/report/syrian-arab-republic/nw-syria-xb-hub-snfi-eq-response-strategy).",0.399125977,0.779961169,11434368,0.169576073,0.263080044,17275.02148,0.005830159,0.47,0.557,0.26628074,0.071512877,8.7,6,10,6.7,0.820461538,0,0,0.031647433,0.568,0.404,0.812,0.303355281,0.046868369,0.538991071,0.86,0.016473069,0.058639899
2018 Anchorage,United States,US,USA,840,North America,High income,"Cook Inlet, Point MacKenzie",11/30/18,2018,ak20419010,7.1,3.21,0,6609.39,288.9,111,60,111,weather or floods,"Sheltered estimates are from internal IDMC data based on press. The State of Alaska’s Department of Commerce reported that 10,512 requested assistance and 111 were sheltered in temporary facilities over a month after the earthquake [(State of Alaska 2020)](https://www.commerce.alaska.gov/web/Portals/4/pub/CBDG-DR/Community%20Development%20Block%20Grant%20%E2%80%93%20Disaster%20Recovery%20(CDBG-DR)%20Action%20Plan%20for%20the%202018%20Cook%20Inlet%20Earthquake.pdf). Damage data is per damage assessment/tagging from available literature [(Wael et al 2022)](https://doi.org/10.1177/87552930211043539).",0.00036028,0.664194703,444480.375,0.057597361,0.233644714,72547.59375,0.004594022,0.664150357,0.93,0.411600455,0.054269858,3.1,0.8,5.7,0,0.9928,1,1,0.007687516,0.986,0.912,0.905,0.187864697,0.152914866,0.516943264,0.396,0.000378616,0.055442099
2019 Ridgecrest,United States,US,USA,840,North America,High income,,7/5/19,2019,ci38457511,7.1,3.18,0,912.66,321.18,,209,,sequence,"Sheltered estimates were reported by CalOES and indicated 209 people, with the underlying source being the American Red Cross [(CalOES 2019)](https://www.caloes.ca.gov/wp-content/uploads/Preparedness/Documents/2019-Ridgecrest-AAR-Approved_508-JK.pdf). The report also said the constant seismic activity increased anxiety in the community, with some reluctant to return home. The report also mentioned that many preferred camping outside the building, rather than sleeping inside the shelter. Damage estimates are per NOAA, which reported CalOES as the underlying source.",0.013290334,0.603478312,43743,0.026249907,0.230171604,96153.53906,0.000416805,0.664150357,0.933,0.411600455,0.054269858,3.1,0.8,5.7,0,0.9928,1,1,0.00734497,0.989,0.915,0.906,0.186084405,0.156728852,0.521637515,0.396,0.000378616,0.055442099
2023 Jajarkot,Nepal,NP,NPL,524,South Asia,Low income,"Nepal, Western Nepal, Karnali",11/3/23,2023,us7000l8p5,5.7,4.24,153,150329.2,112448.68,262880,29765,262880,remote,"Many displaced families stayed open space due to challenges managing shelters and getting access to safe drinking water, sanitation facilities, and health services [(IFRC 2025)](https://reliefweb.int/report/nepal/nepal-karnali-earthquake-final-report-mdrnp016). As of November 22, 19,850 people were reached with the emergency shelter items [(IFRC 2023)](https://reliefweb.int/report/nepal/nepal-karnali-earthquake-2023-operation-update-1-30112023-no-mdrnp016), which increased to 29,765 by the final report [(IFRC 2025)](https://reliefweb.int/report/nepal/nepal-karnali-earthquake-final-report-mdrnp016). MoHA estimated 62,012 households affected, and the government began to provide cash support for repairs to build temporary shelters as of December 8 [(IFRC 2024a)](https://reliefweb.int/report/nepal/nepal-karnali-earthquake-2023-operation-update-2-212024-no-mdrnp016). By July 11, 35,722 households had completed constructing their temporary shelters [(IFRC 2024b)](https://reliefweb.int/report/nepal/nepal-karnali-earthquake-2023-operation-update-3-11072024-no-mdrnp016). As of March 2025, some affected households continued to live in transitional shelters [(IFRC 2025)](https://reliefweb.int/report/nepal/nepal-karnali-earthquake-final-report-mdrnp016). According to NDRRMA Situation Report #6, 26,557 houses were fully damaged and 36,455 houses were partially damaged as of November 12 [(ADRC 2023)](https://www.adrc.asia/view_disaster_en.php?Lang=en&Key=2642).",0.776644516,0.146237329,289989.4063,0.496760864,0.825621567,3159.266602,0.609986663,0.2950872,0.601,0.31430425,0.032783266,6.6,5.3,2.9,4.1,0.888538462,3,8975,0.011901091,0.58,0.496,0.771,0.287136275,0.063605877,0.540220134,0.5,0.003545084,0.137374284
2022 Khost,Afghanistan,AF,AFG,4,South Asia,Low income,"June 2022 Afghanistan, Paktika",6/21/22,2022,us7000hj3u,6,8.8,1100,69247.2,64442.4,,116661,118128,"conflict, drought, high fatalities, landslides, remote","Shelter partners reported 14,766 households in need of tents, NFIs, shelter reconstruction and repair [(OCHA 2022a)](https://reliefweb.int/report/afghanistan/afghanistan-earthquake-response-situation-report-no-4-31-october-2022). This was assumed to be the assisted estimate, which was reduced by 10% to account for a subset of households who could remain in their habitable homes to yield a sheltered estimate (per damage stats). The same report indicated that 4,873 houses were needed to be reconstructed, 8,417 houses requiring repair, and 1,477 houses habitable. However, and earlier report had higher figures that were assumed to be more reflective of damage levels: 7,448 destroyed homes, 6,464 severely damaged homes, and 1,405 moderately damaged homes [(OCHA 2022b)](https://www.unocha.org/publications/report/afghanistan/afghanistan-earthquake-response-situation-report-no-3-26-august-2022).",0.949640579,0.487212658,342669.625,0.409092064,0.775726089,1317.684814,0.004833663,0.7938922,0.462,0.59,0.02773001,8.7,8.1,9.9,5.7,0.694307692,3,208,0.028838069,0.45,0.384,0.702,0.435798414,0.023551424,0.849624893,0.015,0.042392859,0.081535792
2019 Mirpur,Pakistan,PK,PAK,586,South Asia,Lower middle income,"Azad Jammu and Kashmir, Kashmir",9/24/19,2019,us60005mqp,5.4,7.59,39,43331.31,13289.04,,65269,1400,"conflict, remote","Per national authorities 1,756 houses were totally damaged and 5,709 houses were partially damaged [(NDMA 2019)](https://reliefweb.int/report/pakistan/ndma-situation-report-no-19-mirpur-earthquake-2019-dated-11-october-2019-1500-hours). Additionally, 8,324 tents were distributed which are meant to shelter 6-7 individuals. Personal correspondence with IFRC also indicated 1,400 people provided with humanitarian assistance.",0.712805557,0.771641612,1285999.75,0.980875702,0.558697128,5150.597656,0,0.39146035,0.537,0.297775854,0.031992511,6.8,5.3,5.2,1.2,0.768153846,7,753,0.014591622,0.602,0.363,0.719,0.380886554,0.03984475,0.726314585,0.135,0.001130375,0.130855638
2015 Gorkha,Nepal,NP,NPL,524,South Asia,Low income,,4/25/15,2015,us20002926,7.8,4.4,8957,1242120,2227189,21315,39200,2691955,"high fatalities, household surveys, remote","Roughly 2.8 million people were displaced, with 282,300 houses damaged and 508,215 houses destroyed [(ICIMOD 2015)](https://lib.icimod.org/records/hqa6p-vb397). This was converted into sheltered estimates based household survey data courtesy the Asia Foundation [(The Asia Foundation 2025)](https://asiafoundation.org/wp-content/uploads/2021/03/IRM-Nepal_Aid-and-Recovery-in-Post-Earthquake-Nepal-Quantitative-Survey-November-2019_EN.pdf), which indicated only around 1.1% of the displacd population sought collective shelter and 1.4% were either in collective shelters or donor-provided tents/shelters. Meanwhile, over 71% self-constructed a shelter, over 5% stayed in their own damaged house, and nearly 4% stayed with a host household. Internal IDMC data reports longer-term estimates of populations in relief camps via IOM: 21,315 as of June 8, 18,292 as of August 30, and 15,595 as of December 30 in 2016 (the year following). The first estimate was used to represent protracted displacement, even though it is nearly one year following the event rather than six months.",0.718407822,0.872286856,59924728,0.458643646,0.554598351,2990.050293,0.031693384,0.2950872,0.568,0.31430425,0.032783266,6.6,5.3,2.9,4.1,0.888538462,1,7,0.003649661,0.55,0.474,0.729,0.330460362,0.054826044,0.626773848,0.5,0.003545084,0.137374284
2025 Eastern Region,Afghanistan,AF,AFG,4,South Asia,Low income,"Nangarhar, Kunar, Afghanistan",8/31/25,2025,us7000qsvj,6,8.04,2164,40200,70196,44184,27280,48032,"conflict, landslides, remote","Temporary tent camps were established on September 8, with an initial capacity of 674 tents for up to 4,718 people [(IFRC 2025)](https://reliefweb.int/report/afghanistan/afghanistan-earthquake-response-emergency-appeal-dref-no-mdraf019). However, an assessment of 7,147 families indicated that 90% were sheltering in open spaces [(OCHA 2025a)](https://reliefweb.int/report/afghanistan/afghanistan-flash-update-5-earthquake-nangarhar-province-10-september-2025). As of September 16, emergency shelter materials were provided to 3,410 families and emergency shelter repair kits to 2,594 families [(OCHA 2025b)](https://reliefweb.int/report/afghanistan/afghanistan-flash-update-6-earthquake-nangarhar-province-16-september-2025). The former estimate is used to approximate peak sheltered needs, whereas the combination of the two is used to approximate the overall shelter assistance needs. As of October 8, the estimated number of transitional shelters required was 6,312, which was used as the estimate of long-term needs [(OCHA 2025c)](https://reliefweb.int/report/afghanistan/afghanistan-situation-update-8-eastern-region-earthquake-response-8-october-2025). Additional surveys of earthquake-displaced populations mobility intentions indicated that most planned to stay in their current location with 67% claiming they did not have the resources to move [(IOM 2025)](https://reliefweb.int/report/afghanistan/eastern-region-earthquake-afghanistan-mobility-intentions-snapshot-october-2025). Women respondents were far more likely to cite a lack of resources or information, and men respondents were more likely to cite structural/damage and social factors. There was an estimated 6,312 houses destroyed and 2,177 houses damaged [(OCHA 2025b)](https://reliefweb.int/report/afghanistan/afghanistan-flash-update-6-earthquake-nangarhar-province-16-september-2025). Damaged and destroyed home estimates vary: OCHA Flash Update 6 indicates 6,312 homes destroyed and 2,177 homes damaged [(OCHA 2025b)](https://reliefweb.int/report/afghanistan/afghanistan-flash-update-6-earthquake-nangarhar-province-16-september-2025)), which was initially treated as the most reliable estimate. However, a GRADE report indicates over 9,000 home destroyed and over 5,000 damaged [(World Bank 2025)](https://www.gfdrr.org/en/publication/grade-report-eastern-afghanistan-earthquake-august-31-2025). Although these estimates are highly approximated, they are treated as the most reliable source since the earlier estimates were continually increasing over time.",0.934433441,0.799850047,2308707,0.769156494,0.733891983,1582.151978,0.046869807,0.7938922,0.462,0.59,0.02773001,8.7,8.1,9.9,5.7,0.694307692,6,3630,0.024443849,0.45,0.384,0.702,0.428875056,0.0240097,0.827768483,0.015,0.042392859,0.081535792
2016 Bukoba,Tanzania,TZ,TZA,834,Sub-Saharan Africa,Low income,"Lake Victoria, Tanzania-Uganda border, Kagera",9/10/16,2016,us10006nkx,5.9,4.7,23,60160,11727,,5000,,"immobility, remote","An estimated 117,721 people were homeless, most living without adequate shelter but remaining on their plot of land as of September 26 with the rainy season beginning [(Government of Tanzania 2016)](https://reliefweb.int/report/united-republic-tanzania/joint-damage-and-needs-assessment-report-earthquake-kagera-region). Many refused to leave their homes for fear of looting or due to ancestral linkages to the affected ward, either remaining in makeshift dwellings on their land or staying in their partially damaged homes. Precise estimates of the proportion of the displaced population seeking shelter and/or receiving tents is not clearly indicated, beyond statements that the vast majority did not leave their land, so the target of 5,000 people for shelter and household items is used as a the peak sheltered estimate [(IFRC 2016)](https://reliefweb.int/report/united-republic-tanzania/tanzania-earthquake-emergency-plan-action-final-report-mdrtz020). An estimated 2,500 houses were completely destroyed and 14,500 other buildings (including 1,700 government buildings) were partially destroyed [(AfDB 2017)](https://reliefweb.int/report/united-republic-tanzania/afdb-approves-us-1-million-humanitarian-emergency-grant-tanzania).",0.851161423,0.033998393,25499.28906,0.646122894,0.882710037,1599.787964,0,0.740182067,0.509,0.3913719,0.050354763,5.9,5.9,4.3,1.5,0.940538462,0,0,0.030531228,0.52,0.397,0.683,0.442195726,0.029555665,0.893048051,0.036,0.004766875,0.076508806
2021 Gisenyi,Rwanda,RW,RWA,646,Sub-Saharan Africa,Low income,Western Province,5/26/21,2021,us7000e6aq,4.7,4.56,0,3347.04,8755.2,699,2818,14136,"cross-border, red zones, volcano","Combined volcanic and earthquake activity led households in the Democratic Republic of the Congo to cross the border into Rwanda, but these estimates focus on the Rwandan households only. The national society hosted 618 households in Rubavu due to housing damage or destruction [(IFRC 2021)](https://reliefweb.int/report/democratic-republic-congo/emergency-appeal-democratic-republic-congo-and-rwanda-mount). As of July 10, 2023, reportedly 3,100 households were assisted [(IFRC 2023)](https://reliefweb.int/report/democratic-republic-congo/democratic-republic-congo-rwanda-emergency-appeal-mount-nyiragongo-eruption-complex-multi-hazard-emergency-appeal-ndeg-mdrnyira21-final-report). The evacuated estimate is from internal IDMC data. The post-disaster needs assessment (PDNA) estimated 1,920 houses destroyed, 587 with medium damage, and 147 with light damage [(Republic of Rwanda 2021)](https://e-ihuriro.rcsprwanda.org/wp-content/uploads/2023/07/2021_Post-Disaster-Needs-Assessment-and-Recovery-Plan_July_2021_Final.pdf).",0.823084717,0,1388.861328,0.513922729,0.717750854,,,0.8351178,0.539,0.453476637,0.06572012,4.3,6.1,5.6,3.4,0.934692308,0,0,0.023379544,0.495,0.496,0.721,0.386402736,0.03605658,0.73147975,0.84,0.007667119,0.206126749